iso_code,continent,location,datetime,population,total_cases,new_cases,new_cases_smoothed,total_deaths,new_deaths,new_deaths_smoothed,total_cases_per_million,new_cases_per_million,new_cases_smoothed_per_million,total_deaths_per_million,new_deaths_per_million,new_deaths_smoothed_per_million
IND,Asia,India,2020-01-30,1393409033,1,1,,,,,0.001,0.001,,,,
IND,Asia,India,2020-01-31,1393409033,1,0,,,,,0.001,0,,,,
IND,Asia,India,2020-02-01,1393409033,1,0,,,,,0.001,0,,,,
IND,Asia,India,2020-02-02,1393409033,2,1,,,,,0.001,0.001,,,,
IND,Asia,India,2020-02-03,1393409033,3,1,,,,,0.002,0.001,,,,
IND,Asia,India,2020-02-04,1393409033,3,0,0.429,,,0,0.002,0,0,,,0
IND,Asia,India,2020-02-05,1393409033,3,0,0.429,,,0,0.002,0,0,,,0
IND,Asia,India,2020-02-06,1393409033,3,0,0.286,,,0,0.002,0,0,,,0
IND,Asia,India,2020-02-07,1393409033,3,0,0.286,,,0,0.002,0,0,,,0
IND,Asia,India,2020-02-08,1393409033,3,0,0.286,,,0,0.002,0,0,,,0
IND,Asia,India,2020-02-09,1393409033,3,0,0.143,,,0,0.002,0,0,,,0
IND,Asia,India,2020-02-10,1393409033,3,0,0,,,0,0.002,0,0,,,0
IND,Asia,India,2020-02-11,1393409033,3,0,0,,,0,0.002,0,0,,,0
IND,Asia,India,2020-02-12,1393409033,3,0,0,,,0,0.002,0,0,,,0
IND,Asia,India,2020-02-13,1393409033,3,0,0,,,0,0.002,0,0,,,0
IND,Asia,India,2020-02-14,1393409033,3,0,0,,,0,0.002,0,0,,,0
IND,Asia,India,2020-02-15,1393409033,3,0,0,,,0,0.002,0,0,,,0
IND,Asia,India,2020-02-16,1393409033,3,0,0,,,0,0.002,0,0,,,0
IND,Asia,India,2020-02-17,1393409033,3,0,0,,,0,0.002,0,0,,,0
IND,Asia,India,2020-02-18,1393409033,3,0,0,,,0,0.002,0,0,,,0
IND,Asia,India,2020-02-19,1393409033,3,0,0,,,0,0.002,0,0,,,0
IND,Asia,India,2020-02-20,1393409033,3,0,0,,,0,0.002,0,0,,,0
IND,Asia,India,2020-02-21,1393409033,3,0,0,,,0,0.002,0,0,,,0
IND,Asia,India,2020-02-22,1393409033,3,0,0,,,0,0.002,0,0,,,0
IND,Asia,India,2020-02-23,1393409033,3,0,0,,,0,0.002,0,0,,,0
IND,Asia,India,2020-02-24,1393409033,3,0,0,,,0,0.002,0,0,,,0
IND,Asia,India,2020-02-25,1393409033,3,0,0,,,0,0.002,0,0,,,0
IND,Asia,India,2020-02-26,1393409033,3,0,0,,,0,0.002,0,0,,,0
IND,Asia,India,2020-02-27,1393409033,3,0,0,,,0,0.002,0,0,,,0
IND,Asia,India,2020-02-28,1393409033,3,0,0,,,0,0.002,0,0,,,0
IND,Asia,India,2020-02-29,1393409033,3,0,0,,,0,0.002,0,0,,,0
IND,Asia,India,2020-03-01,1393409033,3,0,0,,,0,0.002,0,0,,,0
IND,Asia,India,2020-03-02,1393409033,5,2,0.286,,,0,0.004,0.001,0,,,0
IND,Asia,India,2020-03-03,1393409033,5,0,0.286,,,0,0.004,0,0,,,0
IND,Asia,India,2020-03-04,1393409033,28,23,3.571,,,0,0.02,0.017,0.003,,,0
IND,Asia,India,2020-03-05,1393409033,30,2,3.857,,,0,0.022,0.001,0.003,,,0
IND,Asia,India,2020-03-06,1393409033,31,1,4,,,0,0.022,0.001,0.003,,,0
IND,Asia,India,2020-03-07,1393409033,34,3,4.429,,,0,0.024,0.002,0.003,,,0
IND,Asia,India,2020-03-08,1393409033,39,5,5.143,,,0,0.028,0.004,0.004,,,0
IND,Asia,India,2020-03-09,1393409033,43,4,5.429,,,0,0.031,0.003,0.004,,,0
IND,Asia,India,2020-03-10,1393409033,56,13,7.286,,,0,0.04,0.009,0.005,,,0
IND,Asia,India,2020-03-11,1393409033,62,6,4.857,1,1,0.143,0.044,0.004,0.003,0.001,0.001,0
IND,Asia,India,2020-03-12,1393409033,73,11,6.143,1,0,0.143,0.052,0.008,0.004,0.001,0,0
IND,Asia,India,2020-03-13,1393409033,82,9,7.286,2,1,0.286,0.059,0.006,0.005,0.001,0.001,0
IND,Asia,India,2020-03-14,1393409033,102,20,9.714,2,0,0.286,0.073,0.014,0.007,0.001,0,0
IND,Asia,India,2020-03-15,1393409033,113,11,10.571,2,0,0.286,0.081,0.008,0.008,0.001,0,0
IND,Asia,India,2020-03-16,1393409033,119,6,10.857,2,0,0.286,0.085,0.004,0.008,0.001,0,0
IND,Asia,India,2020-03-17,1393409033,142,23,12.286,3,1,0.429,0.102,0.017,0.009,0.002,0.001,0
IND,Asia,India,2020-03-18,1393409033,156,14,13.429,3,0,0.286,0.112,0.01,0.01,0.002,0,0
IND,Asia,India,2020-03-19,1393409033,194,38,17.286,4,1,0.429,0.139,0.027,0.012,0.003,0.001,0
IND,Asia,India,2020-03-20,1393409033,244,50,23.143,5,1,0.429,0.175,0.036,0.017,0.004,0.001,0
IND,Asia,India,2020-03-21,1393409033,330,86,32.571,4,-1,0.286,0.237,0.062,0.023,0.003,-0.001,0
IND,Asia,India,2020-03-22,1393409033,396,66,40.429,7,3,0.714,0.284,0.047,0.029,0.005,0.002,0.001
IND,Asia,India,2020-03-23,1393409033,499,103,54.286,10,3,1.143,0.358,0.074,0.039,0.007,0.002,0.001
IND,Asia,India,2020-03-24,1393409033,536,37,56.286,10,0,1,0.385,0.027,0.04,0.007,0,0.001
IND,Asia,India,2020-03-25,1393409033,657,121,71.571,12,2,1.286,0.472,0.087,0.051,0.009,0.001,0.001
IND,Asia,India,2020-03-26,1393409033,727,70,76.143,20,8,2.286,0.522,0.05,0.055,0.014,0.006,0.002
IND,Asia,India,2020-03-27,1393409033,887,160,91.857,20,0,2.143,0.637,0.115,0.066,0.014,0,0.002
IND,Asia,India,2020-03-28,1393409033,987,100,93.857,24,4,2.857,0.708,0.072,0.067,0.017,0.003,0.002
IND,Asia,India,2020-03-29,1393409033,1024,37,89.714,27,3,2.857,0.735,0.027,0.064,0.019,0.002,0.002
IND,Asia,India,2020-03-30,1393409033,1251,227,107.429,32,5,3.143,0.898,0.163,0.077,0.023,0.004,0.002
IND,Asia,India,2020-03-31,1393409033,1397,146,123,35,3,3.571,1.003,0.105,0.088,0.025,0.002,0.003
IND,Asia,India,2020-04-01,1393409033,1998,601,191.571,58,23,6.571,1.434,0.431,0.137,0.042,0.017,0.005
IND,Asia,India,2020-04-02,1393409033,2543,545,259.429,72,14,7.429,1.825,0.391,0.186,0.052,0.01,0.005
IND,Asia,India,2020-04-03,1393409033,2567,24,240,72,0,7.429,1.842,0.017,0.172,0.052,0,0.005
IND,Asia,India,2020-04-04,1393409033,3082,515,299.286,86,14,8.857,2.212,0.37,0.215,0.062,0.01,0.006
IND,Asia,India,2020-04-05,1393409033,3588,506,366.286,99,13,10.286,2.575,0.363,0.263,0.071,0.009,0.007
IND,Asia,India,2020-04-06,1393409033,4778,1190,503.857,136,37,14.857,3.429,0.854,0.362,0.098,0.027,0.011
IND,Asia,India,2020-04-07,1393409033,5311,533,559.143,150,14,16.429,3.812,0.383,0.401,0.108,0.01,0.012
IND,Asia,India,2020-04-08,1393409033,5916,605,559.714,178,28,17.143,4.246,0.434,0.402,0.128,0.02,0.012
IND,Asia,India,2020-04-09,1393409033,6725,809,597.429,226,48,22,4.826,0.581,0.429,0.162,0.034,0.016
IND,Asia,India,2020-04-10,1393409033,7598,873,718.714,246,20,24.857,5.453,0.627,0.516,0.177,0.014,0.018
IND,Asia,India,2020-04-11,1393409033,8446,848,766.286,288,42,28.857,6.061,0.609,0.55,0.207,0.03,0.021
IND,Asia,India,2020-04-12,1393409033,9205,759,802.429,331,43,33.143,6.606,0.545,0.576,0.238,0.031,0.024
IND,Asia,India,2020-04-13,1393409033,10453,1248,810.714,358,27,31.714,7.502,0.896,0.582,0.257,0.019,0.023
IND,Asia,India,2020-04-14,1393409033,11487,1034,882.286,393,35,34.714,8.244,0.742,0.633,0.282,0.025,0.025
IND,Asia,India,2020-04-15,1393409033,12322,835,915.143,405,12,32.429,8.843,0.599,0.657,0.291,0.009,0.023
IND,Asia,India,2020-04-16,1393409033,13430,1108,957.857,448,43,31.714,9.638,0.795,0.687,0.322,0.031,0.023
IND,Asia,India,2020-04-17,1393409033,14352,922,964.857,486,38,34.286,10.3,0.662,0.692,0.349,0.027,0.025
IND,Asia,India,2020-04-18,1393409033,15722,1370,1039.429,521,35,33.286,11.283,0.983,0.746,0.374,0.025,0.024
IND,Asia,India,2020-04-19,1393409033,17615,1893,1201.429,559,38,32.571,12.642,1.359,0.862,0.401,0.027,0.023
IND,Asia,India,2020-04-20,1393409033,18539,924,1155.143,592,33,33.429,13.305,0.663,0.829,0.425,0.024,0.024
IND,Asia,India,2020-04-21,1393409033,20080,1541,1227.571,645,53,36,14.411,1.106,0.881,0.463,0.038,0.026
IND,Asia,India,2020-04-22,1393409033,21370,1290,1292.571,681,36,39.429,15.336,0.926,0.928,0.489,0.026,0.028
IND,Asia,India,2020-04-23,1393409033,23077,1707,1378.143,721,40,39,16.562,1.225,0.989,0.517,0.029,0.028
IND,Asia,India,2020-04-24,1393409033,24530,1453,1454,780,59,42,17.604,1.043,1.043,0.56,0.042,0.03
IND,Asia,India,2020-04-25,1393409033,26283,1753,1508.714,825,45,43.429,18.862,1.258,1.083,0.592,0.032,0.031
IND,Asia,India,2020-04-26,1393409033,27890,1607,1467.857,881,56,46,20.016,1.153,1.053,0.632,0.04,0.033
IND,Asia,India,2020-04-27,1393409033,29451,1561,1558.857,939,58,49.571,21.136,1.12,1.119,0.674,0.042,0.036
IND,Asia,India,2020-04-28,1393409033,31324,1873,1606.286,1008,69,51.857,22.48,1.344,1.153,0.723,0.05,0.037
IND,Asia,India,2020-04-29,1393409033,33062,1738,1670.286,1079,71,56.857,23.727,1.247,1.199,0.774,0.051,0.041
IND,Asia,India,2020-04-30,1393409033,34863,1801,1683.714,1154,75,61.857,25.02,1.293,1.208,0.828,0.054,0.044
IND,Asia,India,2020-05-01,1393409033,37257,2394,1818.143,1223,69,63.286,26.738,1.718,1.305,0.878,0.05,0.045
IND,Asia,India,2020-05-02,1393409033,39699,2442,1916.571,1323,100,71.143,28.491,1.753,1.375,0.949,0.072,0.051
IND,Asia,India,2020-05-03,1393409033,42505,2806,2087.857,1391,68,72.857,30.504,2.014,1.498,0.998,0.049,0.052
IND,Asia,India,2020-05-04,1393409033,46437,3932,2426.571,1566,175,89.571,33.326,2.822,1.741,1.124,0.126,0.064
IND,Asia,India,2020-05-05,1393409033,49400,2963,2582.286,1693,127,97.857,35.453,2.126,1.853,1.215,0.091,0.07
IND,Asia,India,2020-05-06,1393409033,52987,3587,2846.429,1785,92,100.857,38.027,2.574,2.043,1.281,0.066,0.072
IND,Asia,India,2020-05-07,1393409033,56351,3364,3069.714,1889,104,105,40.441,2.414,2.203,1.356,0.075,0.075
IND,Asia,India,2020-05-08,1393409033,59695,3344,3205.429,1985,96,108.857,42.841,2.4,2.3,1.425,0.069,0.078
IND,Asia,India,2020-05-09,1393409033,62808,3113,3301.286,2101,116,111.143,45.075,2.234,2.369,1.508,0.083,0.08
IND,Asia,India,2020-05-10,1393409033,67161,4353,3522.286,2212,111,117.286,48.199,3.124,2.528,1.587,0.08,0.084
IND,Asia,India,2020-05-11,1393409033,70768,3607,3475.857,2294,82,104,50.788,2.589,2.494,1.646,0.059,0.075
IND,Asia,India,2020-05-12,1393409033,74292,3524,3556,2415,121,103.143,53.317,2.529,2.552,1.733,0.087,0.074
IND,Asia,India,2020-05-13,1393409033,78055,3763,3581.143,2551,136,109.429,56.017,2.701,2.57,1.831,0.098,0.079
IND,Asia,India,2020-05-14,1393409033,81997,3942,3663.714,2649,98,108.571,58.846,2.829,2.629,1.901,0.07,0.078
IND,Asia,India,2020-05-15,1393409033,85784,3787,3727,2753,104,109.714,61.564,2.718,2.675,1.976,0.075,0.079
IND,Asia,India,2020-05-16,1393409033,90648,4864,3977.143,2871,118,110,65.055,3.491,2.854,2.06,0.085,0.079
IND,Asia,India,2020-05-17,1393409033,95698,5050,4076.714,3025,154,116.143,68.679,3.624,2.926,2.171,0.111,0.083
IND,Asia,India,2020-05-18,1393409033,100328,4630,4222.857,3156,131,123.143,72.002,3.323,3.031,2.265,0.094,0.088
IND,Asia,India,2020-05-19,1393409033,106475,6147,4597.571,3302,146,126.714,76.413,4.411,3.3,2.37,0.105,0.091
IND,Asia,India,2020-05-20,1393409033,112028,5553,4853.286,3434,132,126.143,80.399,3.985,3.483,2.464,0.095,0.091
IND,Asia,India,2020-05-21,1393409033,118226,6198,5175.571,3584,150,133.571,84.847,4.448,3.714,2.572,0.108,0.096
IND,Asia,India,2020-05-22,1393409033,124794,6568,5572.857,3726,142,139,89.56,4.714,3.999,2.674,0.102,0.1
IND,Asia,India,2020-05-23,1393409033,131423,6629,5825,3868,142,142.429,94.318,4.757,4.18,2.776,0.102,0.102
IND,Asia,India,2020-05-24,1393409033,138536,7113,6119.714,4024,156,142.714,99.422,5.105,4.392,2.888,0.112,0.102
IND,Asia,India,2020-05-25,1393409033,144950,6414,6374.571,4172,148,145.143,104.025,4.603,4.575,2.994,0.106,0.104
IND,Asia,India,2020-05-26,1393409033,150793,5843,6331.143,4344,172,148.857,108.219,4.193,4.544,3.118,0.123,0.107
IND,Asia,India,2020-05-27,1393409033,158086,7293,6579.714,4534,190,157.143,113.453,5.234,4.722,3.254,0.136,0.113
IND,Asia,India,2020-05-28,1393409033,165386,7300,6737.143,4711,177,161,118.692,5.239,4.835,3.381,0.127,0.116
IND,Asia,India,2020-05-29,1393409033,173491,8105,6956.714,4980,269,179.143,124.508,5.817,4.993,3.574,0.193,0.129
IND,Asia,India,2020-05-30,1393409033,181827,8336,7200.571,5185,205,188.143,130.491,5.982,5.168,3.721,0.147,0.135
IND,Asia,India,2020-05-31,1393409033,190609,8782,7439,5408,223,197.714,136.793,6.303,5.339,3.881,0.16,0.142
IND,Asia,India,2020-06-01,1393409033,198370,7761,7631.429,5608,200,205.143,142.363,5.57,5.477,4.025,0.144,0.147
IND,Asia,India,2020-06-02,1393409033,207191,8821,8056.857,5829,221,212.143,148.694,6.331,5.782,4.183,0.159,0.152
IND,Asia,India,2020-06-03,1393409033,216824,9633,8391.143,6088,259,222,155.607,6.913,6.022,4.369,0.186,0.159
IND,Asia,India,2020-06-04,1393409033,226713,9889,8761,6363,275,236,162.704,7.097,6.287,4.566,0.197,0.169
IND,Asia,India,2020-06-05,1393409033,236184,9471,8956.143,6649,286,238.429,169.501,6.797,6.428,4.772,0.205,0.171
IND,Asia,India,2020-06-06,1393409033,246622,10438,9256.429,6946,297,251.571,176.992,7.491,6.643,4.985,0.213,0.181
IND,Asia,India,2020-06-07,1393409033,257486,10864,9553.857,7207,261,257,184.789,7.797,6.856,5.172,0.187,0.184
IND,Asia,India,2020-06-08,1393409033,265928,8442,9651.143,7473,266,266.429,190.847,6.059,6.926,5.363,0.191,0.191
IND,Asia,India,2020-06-09,1393409033,276146,10218,9850.714,7750,277,274.429,198.18,7.333,7.07,5.562,0.199,0.197
IND,Asia,India,2020-06-10,1393409033,286605,10459,9968.714,8102,352,287.714,205.686,7.506,7.154,5.815,0.253,0.206
IND,Asia,India,2020-06-11,1393409033,297535,10930,10117.429,8498,396,305,213.53,7.844,7.261,6.099,0.284,0.219
IND,Asia,India,2020-06-12,1393409033,308993,11458,10401.286,8884,386,319.286,221.753,8.223,7.465,6.376,0.277,0.229
IND,Asia,India,2020-06-13,1393409033,320922,11929,10614.286,9195,311,321.286,230.314,8.561,7.617,6.599,0.223,0.231
IND,Asia,India,2020-06-14,1393409033,332424,11502,10705.429,9520,325,330.429,238.569,8.255,7.683,6.832,0.233,0.237
IND,Asia,India,2020-06-15,1393409033,343091,10667,11023.286,9900,380,346.714,246.224,7.655,7.911,7.105,0.273,0.249
IND,Asia,India,2020-06-16,1393409033,354065,10974,11131.286,11903,2003,593.286,254.1,7.876,7.989,8.542,1.437,0.426
IND,Asia,India,2020-06-17,1393409033,366946,12881,11477.286,12237,334,590.714,263.344,9.244,8.237,8.782,0.24,0.424
IND,Asia,India,2020-06-18,1393409033,380532,13586,11856.714,12573,336,582.143,273.094,9.75,8.509,9.023,0.241,0.418
IND,Asia,India,2020-06-19,1393409033,395048,14516,12293.571,12948,375,580.571,283.512,10.418,8.823,9.292,0.269,0.417
IND,Asia,India,2020-06-20,1393409033,410451,15403,12789.857,13254,306,579.857,294.566,11.054,9.179,9.512,0.22,0.416
IND,Asia,India,2020-06-21,1393409033,425282,14831,13265.429,13699,445,597,305.21,10.644,9.52,9.831,0.319,0.428
IND,Asia,India,2020-06-22,1393409033,440215,14933,13874.857,14011,312,587.286,315.927,10.717,9.957,10.055,0.224,0.421
IND,Asia,India,2020-06-23,1393409033,456183,15968,14588.286,14476,465,367.571,327.386,11.46,10.469,10.389,0.334,0.264
IND,Asia,India,2020-06-24,1393409033,473105,16922,15165.571,14894,418,379.571,339.531,12.144,10.884,10.689,0.3,0.272
IND,Asia,India,2020-06-25,1393409033,490401,17296,15695.571,15301,407,389.714,351.943,12.413,11.264,10.981,0.292,0.28
IND,Asia,India,2020-06-26,1393409033,508953,18552,16272.143,15685,384,391,365.257,13.314,11.678,11.257,0.276,0.281
IND,Asia,India,2020-06-27,1393409033,528859,19906,16915.429,16095,410,405.857,379.543,14.286,12.14,11.551,0.294,0.291
IND,Asia,India,2020-06-28,1393409033,548318,19459,17576.571,16475,380,396.571,393.508,13.965,12.614,11.824,0.273,0.285
IND,Asia,India,2020-06-29,1393409033,566840,18522,18089.286,16893,418,411.714,406.801,13.293,12.982,12.124,0.3,0.295
IND,Asia,India,2020-06-30,1393409033,585481,18641,18471.143,17400,507,417.714,420.179,13.378,13.256,12.487,0.364,0.3
IND,Asia,India,2020-07-01,1393409033,604641,19160,18790.857,17834,434,420,433.929,13.75,13.486,12.799,0.311,0.301
IND,Asia,India,2020-07-02,1393409033,625544,20903,19306.143,18213,379,416,448.931,15.001,13.855,13.071,0.272,0.299
IND,Asia,India,2020-07-03,1393409033,648315,22771,19908.857,18655,442,424.286,465.273,16.342,14.288,13.388,0.317,0.304
IND,Asia,India,2020-07-04,1393409033,673165,24850,20615.143,19268,613,453.286,483.107,17.834,14.795,13.828,0.44,0.325
IND,Asia,India,2020-07-05,1393409033,697413,24248,21299.286,19693,425,459.714,500.508,17.402,15.286,14.133,0.305,0.33
IND,Asia,India,2020-07-06,1393409033,719664,22251,21832,20159,466,466.571,516.477,15.969,15.668,14.467,0.334,0.335
IND,Asia,India,2020-07-07,1393409033,742417,22753,22419.429,20642,483,463.143,532.806,16.329,16.09,14.814,0.347,0.332
IND,Asia,India,2020-07-08,1393409033,767296,24879,23236.429,21129,487,470.714,550.661,17.855,16.676,15.164,0.35,0.338
IND,Asia,India,2020-07-09,1393409033,793802,26506,24036.857,21604,475,484.429,569.683,19.022,17.25,15.504,0.341,0.348
IND,Asia,India,2020-07-10,1393409033,820916,27114,24657.286,22123,519,495.429,589.142,19.459,17.696,15.877,0.372,0.356
IND,Asia,India,2020-07-11,1393409033,849522,28606,25193.857,22673,550,486.429,609.672,20.53,18.081,16.272,0.395,0.349
IND,Asia,India,2020-07-12,1393409033,878254,28732,25834.429,23174,501,497.286,630.292,20.62,18.54,16.631,0.36,0.357
IND,Asia,India,2020-07-13,1393409033,906752,28498,26726.857,23727,553,509.714,650.744,20.452,19.181,17.028,0.397,0.366
IND,Asia,India,2020-07-14,1393409033,936181,29429,27680.571,24309,582,523.857,671.864,21.12,19.865,17.446,0.418,0.376
IND,Asia,India,2020-07-15,1393409033,968857,32676,28794.429,24914,605,540.714,695.314,23.45,20.665,17.88,0.434,0.388
IND,Asia,India,2020-07-16,1393409033,1003832,34975,30004.286,25602,688,571.143,720.414,25.1,21.533,18.374,0.494,0.41
IND,Asia,India,2020-07-17,1393409033,1039084,35252,31166.857,26273,671,592.857,745.714,25.299,22.367,18.855,0.482,0.425
IND,Asia,India,2020-07-18,1393409033,1077781,38697,32608.429,26816,543,591.857,773.485,27.771,23.402,19.245,0.39,0.425
IND,Asia,India,2020-07-19,1393409033,1118206,40425,34278.857,27497,681,617.571,802.497,29.012,24.601,19.734,0.489,0.443
IND,Asia,India,2020-07-20,1393409033,1155338,37132,35512.286,28082,585,622.143,829.145,26.648,25.486,20.153,0.42,0.446
IND,Asia,India,2020-07-21,1393409033,1193078,37740,36699.571,28732,650,631.857,856.23,27.085,26.338,20.62,0.466,0.453
IND,Asia,India,2020-07-22,1393409033,1238798,45720,38563,29861,1129,706.714,889.041,32.812,27.675,21.43,0.81,0.507
IND,Asia,India,2020-07-23,1393409033,1288108,49310,40610.857,30601,740,714.143,924.429,35.388,29.145,21.961,0.531,0.513
IND,Asia,India,2020-07-24,1393409033,1337024,48916,42562.857,31358,757,726.429,959.534,35.105,30.546,22.505,0.543,0.521
IND,Asia,India,2020-07-25,1393409033,1385635,48611,43979.143,32060,702,749.143,994.421,34.886,31.562,23.008,0.504,0.538
IND,Asia,India,2020-07-26,1393409033,1435616,49981,45344.286,32771,711,753.429,1030.29,35.87,32.542,23.519,0.51,0.541
IND,Asia,India,2020-07-27,1393409033,1480073,44457,46390.714,33408,637,760.857,1062.196,31.905,33.293,23.976,0.457,0.546
IND,Asia,India,2020-07-28,1393409033,1531669,51596,48370.143,34193,785,780.143,1099.224,37.029,34.714,24.539,0.563,0.56
IND,Asia,India,2020-07-29,1393409033,1581963,50294,49023.571,34955,762,727.714,1135.318,36.094,35.182,25.086,0.547,0.522
IND,Asia,India,2020-07-30,1393409033,1634746,52783,49519.714,35718,763,731,1173.199,37.88,35.539,25.634,0.548,0.525
IND,Asia,India,2020-07-31,1393409033,1695988,61242,51280.571,36511,793,736.143,1217.15,43.951,36.802,26.203,0.569,0.528
IND,Asia,India,2020-08-01,1393409033,1750723,54735,52155.429,37364,853,757.714,1256.431,39.281,37.43,26.815,0.612,0.544
IND,Asia,India,2020-08-02,1393409033,1803695,52972,52582.714,38135,771,766.286,1294.448,38.016,37.737,27.368,0.553,0.55
IND,Asia,India,2020-08-03,1393409033,1855745,52050,53667.429,38938,803,790,1331.802,37.354,38.515,27.944,0.576,0.567
IND,Asia,India,2020-08-04,1393409033,1908254,52509,53797.857,39795,857,800.286,1369.486,37.684,38.609,28.559,0.615,0.574
IND,Asia,India,2020-08-05,1393409033,1964536,56282,54653.286,40699,904,820.571,1409.877,40.392,39.223,29.208,0.649,0.589
IND,Asia,India,2020-08-06,1393409033,2027074,62538,56046.857,41585,886,838.143,1454.759,44.881,40.223,29.844,0.636,0.602
IND,Asia,India,2020-08-07,1393409033,2088611,61537,56089,42518,933,858.143,1498.922,44.163,40.253,30.514,0.67,0.616
IND,Asia,India,2020-08-08,1393409033,2153010,64399,57469.571,43379,861,859.286,1545.139,46.217,41.244,31.132,0.618,0.617
IND,Asia,India,2020-08-09,1393409033,2215074,62064,58768.429,44386,1007,893,1589.68,44.541,42.176,31.854,0.723,0.641
IND,Asia,India,2020-08-10,1393409033,2268675,53601,58990,45257,871,902.714,1628.147,38.468,42.335,32.479,0.625,0.648
IND,Asia,India,2020-08-11,1393409033,2329638,60963,60197.714,46091,834,899.429,1671.898,43.751,43.202,33.078,0.599,0.645
IND,Asia,India,2020-08-12,1393409033,2396637,66999,61728.714,47033,942,904.857,1719.981,48.083,44.3,33.754,0.676,0.649
IND,Asia,India,2020-08-13,1393409033,2461190,64553,62016.571,48040,1007,922.143,1766.308,46.327,44.507,34.477,0.723,0.662
IND,Asia,India,2020-08-14,1393409033,2525922,64732,62473,49036,996,931.143,1812.764,46.456,44.835,35.191,0.715,0.668
IND,Asia,India,2020-08-15,1393409033,2589952,64030,62420.286,49980,944,943,1858.716,45.952,44.797,35.869,0.677,0.677
IND,Asia,India,2020-08-16,1393409033,2647663,57711,61798.429,50921,941,933.571,1900.133,41.417,44.351,36.544,0.675,0.67
IND,Asia,India,2020-08-17,1393409033,2702681,55018,62000.857,51797,876,934.286,1939.618,39.484,44.496,37.173,0.629,0.671
IND,Asia,India,2020-08-18,1393409033,2767253,64572,62516.429,52888,1091,971,1985.959,46.341,44.866,37.956,0.783,0.697
IND,Asia,India,2020-08-19,1393409033,2836925,69672,62898.286,53866,978,976.143,2035.96,50.001,45.14,38.658,0.702,0.701
IND,Asia,India,2020-08-20,1393409033,2905825,68900,63519.286,54849,983,972.714,2085.407,49.447,45.586,39.363,0.705,0.698
IND,Asia,India,2020-08-21,1393409033,2975701,69876,64254.143,55794,945,965.429,2135.555,50.148,46.113,40.041,0.678,0.693
IND,Asia,India,2020-08-22,1393409033,3044940,69239,64998.286,56706,912,960.857,2185.245,49.69,46.647,40.696,0.655,0.69
IND,Asia,India,2020-08-23,1393409033,3106348,61408,65526.429,57542,836,945.857,2229.315,44.07,47.026,41.296,0.6,0.679
IND,Asia,India,2020-08-24,1393409033,3167323,60975,66377.429,58390,848,941.857,2273.075,43.76,47.637,41.904,0.609,0.676
IND,Asia,India,2020-08-25,1393409033,3224547,57224,65327.714,59357,967,924.143,2314.142,41.068,46.883,42.598,0.694,0.663
IND,Asia,India,2020-08-26,1393409033,3310234,85687,67615.571,60472,1115,943.714,2375.637,61.495,48.525,43.399,0.8,0.677
IND,Asia,India,2020-08-27,1393409033,3387500,77266,68810.714,61529,1057,954.286,2431.088,55.451,49.383,44.157,0.759,0.685
IND,Asia,India,2020-08-28,1393409033,3463972,76472,69753,62550,1021,965.143,2485.969,54.881,50.059,44.89,0.733,0.693
IND,Asia,India,2020-08-29,1393409033,3542733,78761,71113.286,63498,948,970.286,2542.493,56.524,51.035,45.57,0.68,0.696
IND,Asia,India,2020-08-30,1393409033,3621245,78512,73556.714,64469,971,989.571,2598.838,56.345,52.789,46.267,0.697,0.71
IND,Asia,India,2020-08-31,1393409033,3691166,69921,74834.714,65288,819,985.429,2649.018,50.18,53.706,46.855,0.588,0.707
IND,Asia,India,2020-09-01,1393409033,3769523,78357,77853.714,66333,1045,996.571,2705.252,56.234,55.873,47.605,0.75,0.715
IND,Asia,India,2020-09-02,1393409033,3853406,83883,77596,67376,1043,986.286,2765.452,60.2,55.688,48.353,0.749,0.708
IND,Asia,India,2020-09-03,1393409033,3936747,83341,78463.857,68472,1096,991.857,2825.263,59.811,56.311,49.14,0.787,0.712
IND,Asia,India,2020-09-04,1393409033,4023179,86432,79886.714,69561,1089,1001.571,2887.292,62.029,57.332,49.921,0.782,0.719
IND,Asia,India,2020-09-05,1393409033,4113811,90632,81582.571,70626,1065,1018.286,2952.336,65.043,58.549,50.686,0.764,0.731
IND,Asia,India,2020-09-06,1393409033,4204613,90802,83338.286,71642,1016,1024.714,3017.501,65.165,59.809,51.415,0.729,0.735
IND,Asia,India,2020-09-07,1393409033,4280422,75809,84179.429,72775,1133,1069.571,3071.906,54.405,60.413,52.228,0.813,0.768
IND,Asia,India,2020-09-08,1393409033,4370128,89706,85800.714,73890,1115,1079.571,3136.285,64.379,61.576,53.028,0.8,0.775
IND,Asia,India,2020-09-09,1393409033,4465863,95735,87493.857,75062,1172,1098,3204.991,68.706,62.791,53.869,0.841,0.788
IND,Asia,India,2020-09-10,1393409033,4562414,96551,89381,76271,1209,1114.143,3274.282,69.291,64.146,54.737,0.868,0.8
IND,Asia,India,2020-09-11,1393409033,4659984,97570,90972.143,77472,1201,1130.143,3344.304,70.023,65.287,55.599,0.862,0.811
IND,Asia,India,2020-09-12,1393409033,4754356,94372,91506.429,78586,1114,1137.143,3412.032,67.727,65.671,56.398,0.799,0.816
IND,Asia,India,2020-09-13,1393409033,4846427,92071,91687.714,79722,1136,1154.286,3478.108,66.076,65.801,57.214,0.815,0.828
IND,Asia,India,2020-09-14,1393409033,4930236,83809,92830.571,80776,1054,1143,3538.255,60.147,66.621,57.97,0.756,0.82
IND,Asia,India,2020-09-15,1393409033,5020359,90123,92890.143,82066,1290,1168,3602.933,64.678,66.664,58.896,0.926,0.838
IND,Asia,India,2020-09-16,1393409033,5118253,97894,93198.571,83198,1132,1162.286,3673.188,70.255,66.885,59.708,0.812,0.834
IND,Asia,India,2020-09-17,1393409033,5214677,96424,93180.429,84372,1174,1157.286,3742.388,69.2,66.872,60.551,0.843,0.831
IND,Asia,India,2020-09-18,1393409033,5308014,93337,92575.714,85619,1247,1163.857,3809.372,66.985,66.438,61.446,0.895,0.835
IND,Asia,India,2020-09-19,1393409033,5400619,92605,92323.286,86752,1133,1166.571,3875.832,66.459,66.257,62.259,0.813,0.837
IND,Asia,India,2020-09-20,1393409033,5487580,86961,91593.286,87882,1130,1165.714,3938.241,62.409,65.733,63.07,0.811,0.837
IND,Asia,India,2020-09-21,1393409033,5562663,75083,90346.714,88935,1053,1165.571,3992.125,53.884,64.839,63.825,0.756,0.836
IND,Asia,India,2020-09-22,1393409033,5646010,83347,89378.714,90020,1085,1136.286,4051.94,59.815,64.144,64.604,0.779,0.815
IND,Asia,India,2020-09-23,1393409033,5732518,86508,87752.143,91149,1129,1135.857,4114.024,62.084,62.977,65.414,0.81,0.815
IND,Asia,India,2020-09-24,1393409033,5818570,86052,86270.429,92290,1141,1131.143,4175.78,61.756,61.913,66.233,0.819,0.812
IND,Asia,India,2020-09-25,1393409033,5903932,85362,85131.143,93379,1089,1108.571,4237.042,61.261,61.096,67.015,0.782,0.796
IND,Asia,India,2020-09-26,1393409033,5992532,88600,84559,94503,1124,1107.286,4300.627,63.585,60.685,67.821,0.807,0.795
IND,Asia,India,2020-09-27,1393409033,6074702,82170,83874.571,95542,1039,1094.286,4359.597,58.97,60.194,68.567,0.746,0.785
IND,Asia,India,2020-09-28,1393409033,6145291,70589,83232.571,96318,776,1054.714,4410.256,50.659,59.733,69.124,0.557,0.757
IND,Asia,India,2020-09-29,1393409033,6225763,80472,82821.857,97497,1179,1068.143,4468.008,57.752,59.438,69.97,0.846,0.767
IND,Asia,India,2020-09-30,1393409033,6312584,86821,82866.571,98678,1181,1075.571,4530.317,62.308,59.47,70.818,0.848,0.772
IND,Asia,India,2020-10-01,1393409033,6394068,81484,82214,99773,1095,1069,4588.795,58.478,59.002,71.604,0.786,0.767
IND,Asia,India,2020-10-02,1393409033,6473544,79476,81373.143,100842,1069,1066.143,4645.832,57.037,58.399,72.371,0.767,0.765
IND,Asia,India,2020-10-03,1393409033,6549373,75829,79548.714,101782,940,1039.857,4700.252,54.42,57.089,73.045,0.675,0.746
IND,Asia,India,2020-10-04,1393409033,6623815,74442,78444.714,102685,903,1020.429,4753.676,53.424,56.297,73.693,0.648,0.732
IND,Asia,India,2020-10-05,1393409033,6685082,61267,77113,103569,884,1035.857,4797.645,43.969,55.341,74.328,0.634,0.743
IND,Asia,India,2020-10-06,1393409033,6757131,72049,75909.714,104555,986,1008.286,4849.352,51.707,54.478,75.035,0.708,0.724
IND,Asia,India,2020-10-07,1393409033,6835655,78524,74724.429,105526,971,978.286,4905.706,56.354,53.627,75.732,0.697,0.702
IND,Asia,India,2020-10-08,1393409033,6906151,70496,73154.714,106490,964,959.571,4956.298,50.592,52.501,76.424,0.692,0.689
IND,Asia,India,2020-10-09,1393409033,6979423,73272,72268.429,107416,926,939.143,5008.883,52.585,51.864,77.089,0.665,0.674
IND,Asia,India,2020-10-10,1393409033,7053806,74383,72061.857,108334,918,936,5062.265,53.382,51.716,77.747,0.659,0.672
IND,Asia,India,2020-10-11,1393409033,7120538,66732,70960.429,109150,816,923.571,5110.156,47.891,50.926,78.333,0.586,0.663
IND,Asia,India,2020-10-12,1393409033,7175880,55342,70114,109856,706,898.143,5149.873,39.717,50.318,78.84,0.507,0.645
IND,Asia,India,2020-10-13,1393409033,7239389,63509,68894,110586,730,861.571,5195.451,45.578,49.443,79.364,0.524,0.618
IND,Asia,India,2020-10-14,1393409033,7307097,67708,67348.857,111266,680,820,5244.043,48.592,48.334,79.852,0.488,0.588
IND,Asia,India,2020-10-15,1393409033,7370468,63371,66331,112161,895,810.143,5289.522,45.479,47.603,80.494,0.642,0.581
IND,Asia,India,2020-10-16,1393409033,7432680,62212,64751,112998,837,797.429,5334.17,44.647,46.469,81.095,0.601,0.572
IND,Asia,India,2020-10-17,1393409033,7494551,61871,62963.571,114031,1033,813.857,5378.572,44.403,45.187,81.836,0.741,0.584
IND,Asia,India,2020-10-18,1393409033,7550273,55722,61390.714,114610,579,780,5418.562,39.99,44.058,82.252,0.416,0.56
IND,Asia,India,2020-10-19,1393409033,7597063,46790,60169,115197,587,763,5452.141,33.58,43.181,82.673,0.421,0.548
IND,Asia,India,2020-10-20,1393409033,7651107,54044,58816.857,115914,717,761.143,5490.927,38.785,42.211,83.187,0.515,0.546
IND,Asia,India,2020-10-21,1393409033,7706946,55839,57121.286,116616,702,764.286,5531,40.074,40.994,83.691,0.504,0.549
IND,Asia,India,2020-10-22,1393409033,7761312,54366,55834.857,117306,690,735,5570.017,39.017,40.071,84.186,0.495,0.527
IND,Asia,India,2020-10-23,1393409033,7814682,53370,54571.714,117956,650,708.286,5608.319,38.302,39.164,84.653,0.466,0.508
IND,Asia,India,2020-10-24,1393409033,7864811,50129,52894.286,118534,578,643.286,5644.295,35.976,37.96,85.068,0.415,0.462
IND,Asia,India,2020-10-25,1393409033,7909959,45148,51383.714,119014,480,629.143,5676.696,32.401,36.876,85.412,0.344,0.452
IND,Asia,India,2020-10-26,1393409033,7946429,36470,49909.429,119502,488,615,5702.869,26.173,35.818,85.762,0.35,0.441
IND,Asia,India,2020-10-27,1393409033,7990322,43893,48459.286,120010,508,585.143,5734.369,31.5,34.778,86.127,0.365,0.42
IND,Asia,India,2020-10-28,1393409033,8040203,49881,47608.143,120527,517,558.714,5770.167,35.798,34.167,86.498,0.371,0.401
IND,Asia,India,2020-10-29,1393409033,8088851,48648,46791.286,121090,563,540.571,5805.08,34.913,33.58,86.902,0.404,0.388
IND,Asia,India,2020-10-30,1393409033,8137119,48268,46062.429,121641,551,526.429,5839.72,34.64,33.057,87.297,0.395,0.378
IND,Asia,India,2020-10-31,1393409033,8184082,46963,45610.143,122111,470,511,5873.424,33.704,32.733,87.635,0.337,0.367
IND,Asia,India,2020-11-01,1393409033,8229313,45231,45622,122607,496,513.286,5905.885,32.461,32.741,87.991,0.356,0.368
IND,Asia,India,2020-11-02,1393409033,8267623,38310,45884.857,123097,490,513.571,5933.378,27.494,32.93,88.342,0.352,0.369
IND,Asia,India,2020-11-03,1393409033,8313876,46253,46222,123611,514,514.429,5966.572,33.194,33.172,88.711,0.369,0.369
IND,Asia,India,2020-11-04,1393409033,8364086,50210,46269,124315,704,541.143,6002.606,36.034,33.206,89.216,0.505,0.388
IND,Asia,India,2020-11-05,1393409033,8411724,47638,46124.714,124985,670,556.429,6036.795,34.188,33.102,89.697,0.481,0.399
IND,Asia,India,2020-11-06,1393409033,8462080,50356,46423,125562,577,560.143,6072.933,36.139,33.316,90.111,0.414,0.402
IND,Asia,India,2020-11-07,1393409033,8507754,45674,46238.857,126121,559,572.857,6105.712,32.779,33.184,90.513,0.401,0.411
IND,Asia,India,2020-11-08,1393409033,8553657,45903,46334.857,126611,490,572,6138.655,32.943,33.253,90.864,0.352,0.411
IND,Asia,India,2020-11-09,1393409033,8591730,38073,46301,127059,448,566,6165.978,27.324,33.229,91.186,0.322,0.406
IND,Asia,India,2020-11-10,1393409033,8636011,44281,46019.286,127571,512,565.714,6197.757,31.779,33.026,91.553,0.367,0.406
IND,Asia,India,2020-11-11,1393409033,8683916,47905,45690,128121,550,543.714,6232.137,34.38,32.79,91.948,0.395,0.39
IND,Asia,India,2020-11-12,1393409033,8728795,44879,45295.857,128668,547,526.143,6264.345,32.208,32.507,92.34,0.393,0.378
IND,Asia,India,2020-11-13,1393409033,8773479,44684,44485.571,129188,520,518,6296.413,32.068,31.926,92.714,0.373,0.372
IND,Asia,India,2020-11-14,1393409033,8814579,41100,43832.143,129635,447,502,6325.909,29.496,31.457,93.034,0.321,0.36
IND,Asia,India,2020-11-15,1393409033,8845127,30548,41638.571,130070,435,494.143,6347.832,21.923,29.883,93.347,0.312,0.355
IND,Asia,India,2020-11-16,1393409033,8874290,29163,40365.714,130519,449,494.286,6368.762,20.929,28.969,93.669,0.322,0.355
IND,Asia,India,2020-11-17,1393409033,8912907,38617,39556.571,130993,474,488.857,6396.476,27.714,28.388,94.009,0.34,0.351
IND,Asia,India,2020-11-18,1393409033,8958483,45576,39223.857,131578,585,493.857,6429.184,32.708,28.15,94.429,0.42,0.354
IND,Asia,India,2020-11-19,1393409033,9004365,45882,39367.143,132162,584,499.143,6462.112,32.928,28.252,94.848,0.419,0.358
IND,Asia,India,2020-11-20,1393409033,9050597,46232,39588.286,132726,564,505.429,6495.291,33.179,28.411,95.253,0.405,0.363
IND,Asia,India,2020-11-21,1393409033,9095806,45209,40175.286,133227,501,513.143,6527.736,32.445,28.832,95.612,0.36,0.368
IND,Asia,India,2020-11-22,1393409033,9139865,44059,42105.429,133738,511,524,6559.355,31.62,30.218,95.979,0.367,0.376
IND,Asia,India,2020-11-23,1393409033,9177840,37975,43364.286,134218,480,528.429,6586.609,27.253,31.121,96.323,0.344,0.379
IND,Asia,India,2020-11-24,1393409033,9222216,44376,44187,134699,481,529.429,6618.456,31.847,31.711,96.669,0.345,0.38
IND,Asia,India,2020-11-25,1393409033,9266705,44489,44031.714,135223,524,520.714,6650.384,31.928,31.6,97.045,0.376,0.374
IND,Asia,India,2020-11-26,1393409033,9309787,43082,43631.714,135715,492,507.571,6681.302,30.918,31.313,97.398,0.353,0.364
IND,Asia,India,2020-11-27,1393409033,9351109,41322,42930.286,136200,485,496.286,6710.958,29.655,30.81,97.746,0.348,0.356
IND,Asia,India,2020-11-28,1393409033,9392919,41810,42444.714,136696,496,495.571,6740.963,30.006,30.461,98.102,0.356,0.356
IND,Asia,India,2020-11-29,1393409033,9431691,38772,41689.429,137139,443,485.857,6768.788,27.825,29.919,98.42,0.318,0.349
IND,Asia,India,2020-11-30,1393409033,9462809,31118,40709.857,137621,482,486.143,6791.121,22.332,29.216,98.766,0.346,0.349
IND,Asia,India,2020-12-01,1393409033,9499413,36604,39599.571,138122,501,489,6817.39,26.269,28.419,99.125,0.36,0.351
IND,Asia,India,2020-12-02,1393409033,9534964,35551,38322.714,138648,526,489.286,6842.904,25.514,27.503,99.503,0.377,0.351
IND,Asia,India,2020-12-03,1393409033,9571559,36595,37396,139188,540,496.143,6869.167,26.263,26.838,99.89,0.388,0.356
IND,Asia,India,2020-12-04,1393409033,9608211,36652,36728.857,139700,512,500,6895.471,26.304,26.359,100.258,0.367,0.359
IND,Asia,India,2020-12-05,1393409033,9644222,36011,35900.429,140182,482,498,6921.314,25.844,25.764,100.604,0.346,0.357
IND,Asia,India,2020-12-06,1393409033,9677203,32981,35073.143,140573,391,490.571,6944.984,23.669,25.171,100.884,0.281,0.352
IND,Asia,India,2020-12-07,1393409033,9703770,26567,34423,140958,385,476.714,6964.05,19.066,24.704,101.161,0.276,0.342
IND,Asia,India,2020-12-08,1393409033,9735850,32080,33776.714,141360,402,462.571,6987.073,23.023,24.24,101.449,0.289,0.332
IND,Asia,India,2020-12-09,1393409033,9767371,31521,33201,141772,412,446.286,7009.694,22.621,23.827,101.745,0.296,0.32
IND,Asia,India,2020-12-10,1393409033,9796744,29373,32169.286,142185,413,428.143,7030.774,21.08,23.087,102.041,0.296,0.307
IND,Asia,India,2020-12-11,1393409033,9826775,30031,31223.429,142628,443,418.286,7052.326,21.552,22.408,102.359,0.318,0.3
IND,Asia,India,2020-12-12,1393409033,9857029,30254,30401,143019,391,405.286,7074.038,21.712,21.818,102.64,0.281,0.291
IND,Asia,India,2020-12-13,1393409033,9884100,27071,29556.714,143355,336,397.429,7093.466,19.428,21.212,102.881,0.241,0.285
IND,Asia,India,2020-12-14,1393409033,9906165,22065,28913.571,143709,354,393,7109.302,15.835,20.75,103.135,0.254,0.282
IND,Asia,India,2020-12-15,1393409033,9932547,26382,28099.571,144096,387,390.857,7128.235,18.933,20.166,103.413,0.278,0.281
IND,Asia,India,2020-12-16,1393409033,9956557,24010,27026.571,144451,355,382.714,7145.466,17.231,19.396,103.667,0.255,0.275
IND,Asia,India,2020-12-17,1393409033,9979447,22890,26100.429,144789,338,372,7161.893,16.427,18.731,103.91,0.243,0.267
IND,Asia,India,2020-12-18,1393409033,10004599,25152,25403.429,145136,347,358.286,7179.944,18.051,18.231,104.159,0.249,0.257
IND,Asia,India,2020-12-19,1393409033,10031223,26624,24884.857,145477,341,351.143,7199.051,19.107,17.859,104.404,0.245,0.252
IND,Asia,India,2020-12-20,1393409033,10055560,24337,24494.286,145810,333,350.714,7216.517,17.466,17.579,104.643,0.239,0.252
IND,Asia,India,2020-12-21,1393409033,10075116,19556,24135.857,146111,301,343.143,7230.552,14.035,17.321,104.859,0.216,0.246
IND,Asia,India,2020-12-22,1393409033,10099066,23950,23788.429,146444,333,335.429,7247.74,17.188,17.072,105.098,0.239,0.241
IND,Asia,India,2020-12-23,1393409033,10123778,24712,23888.714,146756,312,329.286,7265.475,17.735,17.144,105.322,0.224,0.236
IND,Asia,India,2020-12-24,1393409033,10146845,23067,23914,147092,336,329,7282.029,16.554,17.162,105.563,0.241,0.236
IND,Asia,India,2020-12-25,1393409033,10169118,22273,23502.714,147343,251,315.286,7298.014,15.985,16.867,105.743,0.18,0.226
IND,Asia,India,2020-12-26,1393409033,10187850,18732,22375.286,147622,279,306.429,7311.457,13.443,16.058,105.943,0.2,0.22
IND,Asia,India,2020-12-27,1393409033,10207871,20021,21758.714,147901,279,298.714,7325.825,14.368,15.615,106.143,0.2,0.214
IND,Asia,India,2020-12-28,1393409033,10224303,16432,21312.429,148153,252,291.714,7337.618,11.793,15.295,106.324,0.181,0.209
IND,Asia,India,2020-12-29,1393409033,10244852,20549,20826.571,148439,286,285,7352.365,14.747,14.946,106.529,0.205,0.205
IND,Asia,India,2020-12-30,1393409033,10266674,21822,20413.714,148738,299,283.143,7368.026,15.661,14.65,106.744,0.215,0.203
IND,Asia,India,2020-12-31,1393409033,10286709,20035,19980.571,148994,256,271.714,7382.404,14.378,14.339,106.928,0.184,0.195
IND,Asia,India,2021-01-01,1393409033,10325823,39114,22386.429,149474,480,304.429,7410.475,28.071,16.066,107.272,0.344,0.218
IND,Asia,India,2021-01-02,1393409033,10323965,-1858,19445,149435,-39,259,7409.142,-1.333,13.955,107.244,-0.028,0.186
IND,Asia,India,2021-01-03,1393409033,10340469,16504,18942.571,149649,214,249.714,7420.986,11.844,13.594,107.398,0.154,0.179
IND,Asia,India,2021-01-04,1393409033,10356844,16375,18934.429,149850,201,242.429,7432.738,11.752,13.589,107.542,0.144,0.174
IND,Asia,India,2021-01-05,1393409033,10374932,18088,18582.857,150114,264,239.286,7445.719,12.981,13.336,107.731,0.189,0.172
IND,Asia,India,2021-01-06,1393409033,10395278,20346,18372,150336,222,228.286,7460.321,14.602,13.185,107.891,0.159,0.164
IND,Asia,India,2021-01-07,1393409033,10413417,18139,18101.143,150570,234,225.143,7473.338,13.018,12.991,108.059,0.168,0.162
IND,Asia,India,2021-01-08,1393409033,10413417,0,12513.429,150570,0,156.571,7473.338,0,8.98,108.059,0,0.112
IND,Asia,India,2021-01-09,1393409033,10450284,36867,18045.571,150999,429,223.429,7499.796,26.458,12.951,108.367,0.308,0.16
IND,Asia,India,2021-01-10,1393409033,10466595,16311,18018,151160,161,215.857,7511.502,11.706,12.931,108.482,0.116,0.155
IND,Asia,India,2021-01-11,1393409033,10479179,12584,17476.429,151327,167,211,7520.533,9.031,12.542,108.602,0.12,0.151
IND,Asia,India,2021-01-12,1393409033,10495147,15968,17173.571,151529,202,202.143,7531.993,11.46,12.325,108.747,0.145,0.145
IND,Asia,India,2021-01-13,1393409033,10512093,16946,16687.857,151727,198,198.714,7544.154,12.162,11.976,108.889,0.142,0.143
IND,Asia,India,2021-01-14,1393409033,10527683,15590,16323.714,151918,191,192.571,7555.343,11.188,11.715,109.026,0.137,0.138
IND,Asia,India,2021-01-15,1393409033,10542841,15158,18489.143,152093,175,217.571,7566.221,10.878,13.269,109.152,0.126,0.156
IND,Asia,India,2021-01-16,1393409033,10557985,15144,15385.857,152274,181,182.143,7577.09,10.868,11.042,109.282,0.13,0.131
IND,Asia,India,2021-01-17,1393409033,10571773,13788,15025.429,152419,145,179.857,7586.985,9.895,10.783,109.386,0.104,0.129
IND,Asia,India,2021-01-18,1393409033,10581823,10050,14663.429,152556,137,175.571,7594.197,7.213,10.523,109.484,0.098,0.126
IND,Asia,India,2021-01-19,1393409033,10595639,13816,14356,152718,162,169.857,7604.112,9.915,10.303,109.6,0.116,0.122
IND,Asia,India,2021-01-20,1393409033,10610883,15244,14112.857,152869,151,163.143,7615.053,10.94,10.128,109.709,0.108,0.117
IND,Asia,India,2021-01-21,1393409033,10625428,14545,13963.571,153032,163,159.143,7625.491,10.438,10.021,109.826,0.117,0.114
IND,Asia,India,2021-01-22,1393409033,10639684,14256,13834.714,153184,152,155.857,7635.722,10.231,9.929,109.935,0.109,0.112
IND,Asia,India,2021-01-23,1393409033,10654533,14849,13792.571,153339,155,152.143,7646.379,10.657,9.898,110.046,0.111,0.109
IND,Asia,India,2021-01-24,1393409033,10667736,13203,13709,153470,131,150.143,7655.854,9.475,9.838,110.14,0.094,0.108
IND,Asia,India,2021-01-25,1393409033,10676838,9102,13573.571,153587,117,147.286,7662.386,6.532,9.741,110.224,0.084,0.106
IND,Asia,India,2021-01-26,1393409033,10689527,12689,13412.571,153724,137,143.714,7671.493,9.106,9.626,110.322,0.098,0.103
IND,Asia,India,2021-01-27,1393409033,10701193,11666,12901.429,153847,123,139.714,7679.865,8.372,9.259,110.411,0.088,0.1
IND,Asia,India,2021-01-28,1393409033,10720048,18855,13517.143,154010,163,139.714,7693.396,13.532,9.701,110.527,0.117,0.1
IND,Asia,India,2021-01-29,1393409033,10733130,13082,13349.429,154147,137,137.571,7702.785,9.388,9.58,110.626,0.098,0.099
IND,Asia,India,2021-01-30,1393409033,10746174,13044,13091.571,154274,127,133.571,7712.146,9.361,9.395,110.717,0.091,0.096
IND,Asia,India,2021-01-31,1393409033,10757610,11436,12839.143,154392,118,131.714,7720.353,8.207,9.214,110.802,0.085,0.095
IND,Asia,India,2021-02-01,1393409033,10766245,8635,12772.429,154486,94,128.429,7726.55,6.197,9.166,110.869,0.067,0.092
IND,Asia,India,2021-02-02,1393409033,10777284,11039,12536.714,154596,110,124.571,7734.473,7.922,8.997,110.948,0.079,0.089
IND,Asia,India,2021-02-03,1393409033,10790183,12899,12712.857,154703,107,122.286,7743.73,9.257,9.124,111.025,0.077,0.088
IND,Asia,India,2021-02-04,1393409033,10802591,12408,11791.857,154823,120,116.143,7752.635,8.905,8.463,111.111,0.086,0.083
IND,Asia,India,2021-02-05,1393409033,10814304,11713,11596.286,154918,95,110.143,7761.041,8.406,8.322,111.179,0.068,0.079
IND,Asia,India,2021-02-06,1393409033,10826363,12059,11455.571,154996,78,103.143,7769.695,8.654,8.221,111.235,0.056,0.074
IND,Asia,India,2021-02-07,1393409033,10838194,11831,11512,155080,84,98.286,7778.186,8.491,8.262,111.295,0.06,0.071
IND,Asia,India,2021-02-08,1393409033,10847304,9110,11579.857,155158,78,96,7784.723,6.538,8.31,111.351,0.056,0.069
IND,Asia,India,2021-02-09,1393409033,10858371,11067,11583.857,155252,94,93.714,7792.666,7.942,8.313,111.419,0.067,0.067
IND,Asia,India,2021-02-10,1393409033,10871294,12923,11587.286,155360,108,93.857,7801.94,9.274,8.316,111.496,0.078,0.067
IND,Asia,India,2021-02-11,1393409033,10880603,9309,11144.571,155447,87,89.143,7808.621,6.681,7.998,111.559,0.062,0.064
IND,Asia,India,2021-02-12,1393409033,10892746,12143,11206,155550,103,90.286,7817.336,8.715,8.042,111.633,0.074,0.065
IND,Asia,India,2021-02-13,1393409033,10904940,12194,11225.286,155642,92,92.286,7826.087,8.751,8.056,111.699,0.066,0.066
IND,Asia,India,2021-02-14,1393409033,10916589,11649,11199.286,155732,90,93.143,7834.447,8.36,8.037,111.763,0.065,0.067
IND,Asia,India,2021-02-15,1393409033,10925710,9121,11200.857,155813,81,93.571,7840.993,6.546,8.038,111.821,0.058,0.067
IND,Asia,India,2021-02-16,1393409033,10937320,11610,11278.429,155913,100,94.429,7849.325,8.332,8.094,111.893,0.072,0.068
IND,Asia,India,2021-02-17,1393409033,10950201,12881,11272.429,156014,101,93.429,7858.569,9.244,8.09,111.966,0.072,0.067
IND,Asia,India,2021-02-18,1393409033,10963394,13193,11827.286,156111,97,94.857,7868.037,9.468,8.488,112.035,0.07,0.068
IND,Asia,India,2021-02-19,1393409033,10977387,13993,12091.571,156212,101,94.571,7878.079,10.042,8.678,112.108,0.072,0.068
IND,Asia,India,2021-02-20,1393409033,10991651,14264,12387.286,156302,90,94.286,7888.316,10.237,8.89,112.172,0.065,0.068
IND,Asia,India,2021-02-21,1393409033,11005850,14199,12751.571,156385,83,93.286,7898.506,10.19,9.151,112.232,0.06,0.067
IND,Asia,India,2021-02-22,1393409033,11016434,10584,12960.571,156463,78,92.857,7906.102,7.596,9.301,112.288,0.056,0.067
IND,Asia,India,2021-02-23,1393409033,11030176,13742,13265.143,156567,104,93.429,7915.964,9.862,9.52,112.363,0.075,0.067
IND,Asia,India,2021-02-24,1393409033,11046914,16738,13816.143,156705,138,98.714,7927.976,12.012,9.915,112.462,0.099,0.071
IND,Asia,India,2021-02-25,1393409033,11063491,16577,14299.571,156825,120,102,7939.873,11.897,10.262,112.548,0.086,0.073
IND,Asia,India,2021-02-26,1393409033,11079979,16488,14656,156938,113,103.714,7951.706,11.833,10.518,112.629,0.081,0.074
IND,Asia,India,2021-02-27,1393409033,11096731,16752,15011.429,157051,113,107,7963.728,12.022,10.773,112.71,0.081,0.077
IND,Asia,India,2021-02-28,1393409033,11112241,15510,15198.714,157157,106,110.286,7974.859,11.131,10.908,112.786,0.076,0.079
IND,Asia,India,2021-03-01,1393409033,11124527,12286,15441.857,157248,91,112.143,7983.677,8.817,11.082,112.851,0.065,0.08
IND,Asia,India,2021-03-02,1393409033,11139516,14989,15620,157346,98,111.286,7994.434,10.757,11.21,112.922,0.07,0.08
IND,Asia,India,2021-03-03,1393409033,11156923,17407,15715.571,157435,89,104.286,8006.926,12.492,11.279,112.985,0.064,0.075
IND,Asia,India,2021-03-04,1393409033,11173761,16838,15752.857,157548,113,103.286,8019.01,12.084,11.305,113.067,0.081,0.074
IND,Asia,India,2021-03-05,1393409033,11192045,18284,16009.429,157656,108,102.571,8032.132,13.122,11.489,113.144,0.078,0.074
IND,Asia,India,2021-03-06,1393409033,11210799,18754,16295.429,157756,100,100.714,8045.591,13.459,11.695,113.216,0.072,0.072
IND,Asia,India,2021-03-07,1393409033,11229398,18599,16736.714,157853,97,99.429,8058.939,13.348,12.011,113.285,0.07,0.071
IND,Asia,India,2021-03-08,1393409033,11244786,15388,17179.857,157930,77,97.429,8069.982,11.043,12.329,113.341,0.055,0.07
IND,Asia,India,2021-03-09,1393409033,11262707,17921,17598.714,158063,133,102.429,8082.843,12.861,12.63,113.436,0.095,0.074
IND,Asia,India,2021-03-10,1393409033,11285561,22854,18376.857,158189,126,107.714,8099.245,16.402,13.188,113.527,0.09,0.077
IND,Asia,India,2021-03-11,1393409033,11308846,23285,19297.857,158306,117,108.286,8115.956,16.711,13.849,113.611,0.084,0.078
IND,Asia,India,2021-03-12,1393409033,11333728,24882,20240.429,158446,140,112.857,8133.813,17.857,14.526,113.711,0.1,0.081
IND,Asia,India,2021-03-13,1393409033,11359048,25320,21178.429,158607,161,121.571,8151.984,18.171,15.199,113.827,0.116,0.087
IND,Asia,India,2021-03-14,1393409033,11385339,26291,22277.286,158725,118,124.571,8170.852,18.868,15.988,113.911,0.085,0.089
IND,Asia,India,2021-03-15,1393409033,11409831,24492,23577.857,158856,131,132.286,8188.429,17.577,16.921,114.005,0.094,0.095
IND,Asia,India,2021-03-16,1393409033,11438734,28903,25146.714,159044,188,140.143,8209.172,20.743,18.047,114.14,0.135,0.101
IND,Asia,India,2021-03-17,1393409033,11474605,35871,27006.286,159216,172,146.714,8234.915,25.743,19.381,114.264,0.123,0.105
IND,Asia,India,2021-03-18,1393409033,11514331,39726,29355,159370,154,152,8263.425,28.51,21.067,114.374,0.111,0.109
IND,Asia,India,2021-03-19,1393409033,11555284,40953,31650.857,159558,188,158.857,8292.815,29.391,22.715,114.509,0.135,0.114
IND,Asia,India,2021-03-20,1393409033,11599130,43846,34297.429,159755,197,164,8324.282,31.467,24.614,114.65,0.141,0.118
IND,Asia,India,2021-03-21,1393409033,11646081,46951,37248.857,159967,212,177.429,8357.977,33.695,26.732,114.803,0.152,0.127
IND,Asia,India,2021-03-22,1393409033,11686796,40715,39566.429,160166,199,187.143,8387.197,29.22,28.395,114.945,0.143,0.134
IND,Asia,India,2021-03-23,1393409033,11734058,47262,42189.143,160441,275,199.571,8421.115,33.918,30.278,115.143,0.197,0.143
IND,Asia,India,2021-03-24,1393409033,11787534,53476,44704.143,160692,251,210.857,8459.493,38.378,32.083,115.323,0.18,0.151
IND,Asia,India,2021-03-25,1393409033,11846652,59118,47474.429,160949,257,225.571,8501.92,42.427,34.071,115.507,0.184,0.162
IND,Asia,India,2021-03-26,1393409033,11908910,62258,50518,161240,291,240.286,8546.6,44.68,36.255,115.716,0.209,0.172
IND,Asia,India,2021-03-27,1393409033,11971624,62714,53213.429,161552,312,256.714,8591.608,45.008,38.189,115.94,0.224,0.184
IND,Asia,India,2021-03-28,1393409033,12039644,68020,56223.286,161843,291,268,8640.423,48.816,40.349,116.149,0.209,0.192
IND,Asia,India,2021-03-29,1393409033,12095855,56211,58437,162114,271,278.286,8680.764,40.341,41.938,116.343,0.194,0.2
IND,Asia,India,2021-03-30,1393409033,12149335,53480,59325.286,162468,354,289.571,8719.145,38.381,42.576,116.597,0.254,0.208
IND,Asia,India,2021-03-31,1393409033,12221665,72330,62018.714,162927,459,319.286,8771.053,51.909,44.509,116.927,0.329,0.229
IND,Asia,India,2021-04-01,1393409033,12303131,81466,65211.286,163396,469,349.571,8829.519,58.465,46.8,117.263,0.337,0.251
IND,Asia,India,2021-04-02,1393409033,12392260,89129,69050,164110,714,410,8893.483,63.965,49.555,117.776,0.512,0.294
IND,Asia,India,2021-04-03,1393409033,12485509,93249,73412.143,164623,513,438.714,8960.405,66.921,52.685,118.144,0.368,0.315
IND,Asia,India,2021-04-04,1393409033,12589067,103558,78489,165101,478,465.429,9034.725,74.32,56.329,118.487,0.343,0.334
IND,Asia,India,2021-04-05,1393409033,12686049,96982,84313.429,165547,446,490.429,9104.325,69.601,60.509,118.807,0.32,0.352
IND,Asia,India,2021-04-06,1393409033,12801785,115736,93207.143,166177,630,529.857,9187.385,83.06,66.891,119.259,0.452,0.38
IND,Asia,India,2021-04-07,1393409033,12928574,126789,100987,166862,685,562.143,9278.377,90.992,72.475,119.751,0.492,0.403
IND,Asia,India,2021-04-08,1393409033,13060542,131968,108201.571,167642,780,606.571,9373.085,94.709,77.652,120.311,0.56,0.435
IND,Asia,India,2021-04-09,1393409033,13205926,145384,116238,168436,794,618,9477.422,104.337,83.42,120.881,0.57,0.444
IND,Asia,India,2021-04-10,1393409033,13358805,152879,124756.571,169275,839,664.571,9587.138,109.716,89.533,121.483,0.602,0.477
IND,Asia,India,2021-04-11,1393409033,13527717,168912,134092.857,170179,904,725.429,9708.36,121.222,96.234,122.131,0.649,0.521
IND,Asia,India,2021-04-12,1393409033,13689453,161736,143343.429,171058,879,787.286,9824.433,116.072,102.872,122.762,0.631,0.565
IND,Asia,India,2021-04-13,1393409033,13873825,184372,153148.571,172085,1027,844,9956.75,132.317,109.909,123.499,0.737,0.606
IND,Asia,India,2021-04-14,1393409033,14074564,200739,163712.857,173123,1038,894.429,10100.813,144.063,117.491,124.244,0.745,0.642
IND,Asia,India,2021-04-15,1393409033,14291917,217353,175910.714,174308,1185,952.286,10256.799,155.987,126.245,125.095,0.85,0.683
IND,Asia,India,2021-04-16,1393409033,14526609,234692,188669,175649,1341,1030.429,10425.23,168.43,135.401,126.057,0.962,0.74
IND,Asia,India,2021-04-17,1393409033,14788003,261394,204171.143,177150,1501,1125,10612.823,187.593,146.526,127.134,1.077,0.807
IND,Asia,India,2021-04-18,1393409033,15061805,273802,219155.429,178769,1619,1227.143,10809.321,196.498,157.28,128.296,1.162,0.881
IND,Asia,India,2021-04-19,1393409033,15320972,259167,233074.143,180530,1761,1353.143,10995.316,185.995,167.269,129.56,1.264,0.971
IND,Asia,India,2021-04-20,1393409033,15616130,295158,248900.714,182553,2023,1495.429,11207.14,211.824,178.627,131.012,1.452,1.073
IND,Asia,India,2021-04-21,1393409033,15930774,314644,265172.857,184657,2104,1647.714,11432.949,225.809,190.305,132.522,1.51,1.183
IND,Asia,India,2021-04-22,1393409033,16263695,332921,281682.571,186920,2263,1801.714,11671.874,238.926,202.154,134.146,1.624,1.293
IND,Asia,India,2021-04-23,1393409033,16610481,346786,297696,189544,2624,1985,11920.75,248.876,213.646,136.029,1.883,1.425
IND,Asia,India,2021-04-24,1393409033,16960172,349691,310309.857,192311,2767,2165.857,12171.711,250.961,222.698,138.015,1.986,1.554
IND,Asia,India,2021-04-25,1393409033,17313163,352991,321622.571,195123,2812,2336.286,12425.04,253.329,230.817,140.033,2.018,1.677
IND,Asia,India,2021-04-26,1393409033,17636186,323023,330744.857,197894,2771,2480.571,12656.862,231.822,237.364,142.021,1.989,1.78
IND,Asia,India,2021-04-27,1393409033,17997113,360927,340140.429,201187,3293,2662,12915.887,259.024,244.107,144.385,2.363,1.91
IND,Asia,India,2021-04-28,1393409033,18376421,379308,349378.143,204832,3645,2882.143,13188.102,272.216,250.736,147.001,2.616,2.068
IND,Asia,India,2021-04-29,1393409033,18762976,386555,357040.143,208330,3498,3058.571,13465.519,277.417,256.235,149.511,2.51,2.195
IND,Asia,India,2021-04-30,1393409033,19164969,401993,364926.857,211853,3523,3187,13754.015,288.496,261.895,152.039,2.528,2.287
IND,Asia,India,2021-05-01,1393409033,19557457,392488,371040.714,215542,3689,3318.714,14035.69,281.675,266.283,154.687,2.647,2.382
IND,Asia,India,2021-05-02,1393409033,19925517,368060,373193.429,218959,3417,3405.143,14299.833,264.144,267.828,157.139,2.452,2.444
IND,Asia,India,2021-05-03,1393409033,20282833,357316,378092.429,222408,3449,3502,14556.266,256.433,271.343,159.614,2.475,2.513
IND,Asia,India,2021-05-04,1393409033,20664979,382146,381123.714,226188,3780,3571.571,14830.519,274.253,273.519,162.327,2.713,2.563
IND,Asia,India,2021-05-05,1393409033,21077410,412431,385855.571,230168,3980,3619.429,15126.506,295.987,276.915,165.183,2.856,2.598
IND,Asia,India,2021-05-06,1393409033,21491598,414188,389803.143,234083,3915,3679,15423.754,297.248,279.748,167.993,2.81,2.64
IND,Asia,India,2021-05-07,1393409033,21892676,401078,389672.429,238270,4187,3773.857,15711.593,287.839,279.654,170.998,3.005,2.708
IND,Asia,India,2021-05-08,1393409033,22296081,403405,391232,242347,4077,3829.286,16001.103,289.509,280.773,173.924,2.926,2.748
IND,Asia,India,2021-05-09,1393409033,22662575,366494,391008.286,246116,3769,3879.571,16264.122,263.02,280.613,176.629,2.705,2.784
IND,Asia,India,2021-05-10,1393409033,22992517,329942,387097.714,249992,3876,3940.571,16500.91,236.788,277.806,179.41,2.782,2.828
IND,Asia,India,2021-05-11,1393409033,23340938,348421,382279.857,254197,4205,4001.286,16750.959,250.049,274.349,182.428,3.018,2.872
IND,Asia,India,2021-05-12,1393409033,23703665,362727,375179.286,258317,4120,4021.286,17011.276,260.316,269.253,185.385,2.957,2.886
IND,Asia,India,2021-05-13,1393409033,24046809,343144,365030.143,262317,4000,4033.429,17257.538,246.262,261.969,188.256,2.871,2.895
IND,Asia,India,2021-05-14,1393409033,24372907,326098,354318.714,266207,3890,3991,17491.567,234.029,254.282,191.047,2.792,2.864
IND,Asia,India,2021-05-15,1393409033,24684077,311170,341142.286,270284,4077,3991,17714.882,223.316,244.826,193.973,2.926,2.864
IND,Asia,India,2021-05-16,1393409033,24965463,281386,328984,274390,4106,4039.143,17916.823,201.941,236.1,196.92,2.947,2.899
IND,Asia,India,2021-05-17,1393409033,25228996,263533,319497,278719,4329,4103.857,18105.951,189.128,229.292,200.027,3.107,2.945
IND,Asia,India,2021-05-18,1393409033,25496330,267334,307913.143,283248,4529,4150.143,18297.807,191.856,220.978,203.277,3.25,2.978
IND,Asia,India,2021-05-19,1393409033,25772440,276110,295539.286,287122,3874,4115,18495.962,198.154,212.098,206.057,2.78,2.953
IND,Asia,India,2021-05-20,1393409033,26031991,259551,283597.429,291331,4209,4144.857,18682.232,186.271,203.528,209.078,3.021,2.975
IND,Asia,India,2021-05-21,1393409033,26289290,257299,273769,295525,4194,4188.286,18866.886,184.654,196.474,212.088,3.01,3.006
IND,Asia,India,2021-05-22,1393409033,26530132,240842,263722.143,299266,3741,4140.286,19039.73,172.844,189.264,214.773,2.685,2.971
IND,Asia,India,2021-05-23,1393409033,26752447,222315,255283.429,303720,4454,4190,19199.278,159.548,183.208,217.969,3.196,3.007
IND,Asia,India,2021-05-24,1393409033,26948874,196427,245696.857,307231,3511,4073.143,19340.246,140.969,176.328,220.489,2.52,2.923
IND,Asia,India,2021-05-25,1393409033,27157795,208921,237352.143,311388,4157,4020,19490.182,149.935,170.339,223.472,2.983,2.885
IND,Asia,India,2021-05-26,1393409033,27369093,211298,228093.286,315235,3847,4016.143,19641.823,151.641,163.694,226.233,2.761,2.882
IND,Asia,India,2021-05-27,1393409033,27555457,186364,217638,318895,3660,3937.714,19775.569,133.747,156.191,228.86,2.627,2.826
IND,Asia,India,2021-05-28,1393409033,27729247,173790,205708.143,322512,3617,3855.286,19900.292,124.723,147.629,231.455,2.596,2.767
IND,Asia,India,2021-05-29,1393409033,27894800,165553,194952.571,325972,3460,3815.143,20019.104,118.811,139.911,233.938,2.483,2.738
IND,Asia,India,2021-05-30,1393409033,28047534,152734,185012.429,329100,3128,3625.714,20128.715,109.612,132.777,236.183,2.245,2.602
IND,Asia,India,2021-05-31,1393409033,28175044,127510,175167.143,331895,2795,3523.429,20220.225,91.509,125.711,238.189,2.006,2.529
IND,Asia,India,2021-06-01,1393409033,28307832,132788,164291,335102,3207,3387.714,20315.522,95.297,117.906,240.491,2.302,2.431
IND,Asia,India,2021-06-02,1393409033,28441986,134154,153270.429,337989,2887,3250.571,20411.8,96.278,109.997,242.563,2.072,2.333
IND,Asia,India,2021-06-03,1393409033,28574350,132364,145556.143,340702,2713,3115.286,20506.793,94.993,104.46,244.51,1.947,2.236
IND,Asia,India,2021-06-04,1393409033,28694879,120529,137947.429,344082,3380,3081.429,20593.292,86.499,99,246.935,2.426,2.211
IND,Asia,India,2021-06-05,1393409033,28809339,114460,130648.429,346759,2677,2969.571,20675.436,82.144,93.762,248.857,1.921,2.131
IND,Asia,India,2021-06-06,1393409033,28909975,100636,123205.857,349186,2427,2869.429,20747.659,72.223,88.42,250.598,1.742,2.059
IND,Asia,India,2021-06-07,1393409033,28996473,86498,117347,351309,2123,2773.429,20809.735,62.077,84.216,252.122,1.524,1.99
IND,Asia,India,2021-06-08,1393409033,29089069,92596,111605.286,353528,2219,2632.286,20876.188,66.453,80.095,253.714,1.592,1.889
IND,Asia,India,2021-06-09,1393409033,29182532,93463,105792.286,355705,2177,2530.857,20943.263,67.075,75.923,255.277,1.562,1.816
IND,Asia,India,2021-06-10,1393409033,29274823,92291,100067.571,363079,7374,3196.714,21009.497,66.234,71.815,260.569,5.292,2.294
IND,Asia,India,2021-06-11,1393409033,29359155,84332,94896.571,367081,4002,3285.571,21070.019,60.522,68.104,263.441,2.872,2.358
IND,Asia,India,2021-06-12,1393409033,29439989,80834,90092.857,370384,3303,3375,21128.031,58.012,64.656,265.811,2.37,2.422
IND,Asia,India,2021-06-13,1393409033,29510410,70421,85776.429,374305,3921,3588.429,21178.569,50.539,61.559,268.625,2.814,2.575
IND,Asia,India,2021-06-14,1393409033,29570881,60471,82058.286,377031,2726,3674.571,21221.967,43.398,58.89,270.582,1.956,2.637
IND,Asia,India,2021-06-15,1393409033,29633105,62224,77719.429,379573,2542,3720.714,21266.623,44.656,55.776,272.406,1.824,2.67
IND,Asia,India,2021-06-16,1393409033,29700313,67208,73968.714,381903,2330,3742.571,21314.856,48.233,53.085,274.078,1.672,2.686
IND,Asia,India,2021-06-17,1393409033,29762793,62480,69710,383490,1587,2915.857,21359.696,44.84,50.028,275.217,1.139,2.093
IND,Asia,India,2021-06-18,1393409033,29823546,60753,66341.571,385137,1647,2579.429,21403.296,43.6,47.611,276.399,1.182,1.851
IND,Asia,India,2021-06-19,1393409033,29881772,58226,63111.857,386708,1571,2332,21445.083,41.787,45.293,277.527,1.127,1.674
IND,Asia,India,2021-06-20,1393409033,29935221,53449,60687.286,388135,1427,1975.714,21483.441,38.358,43.553,278.551,1.024,1.418
IND,Asia,India,2021-06-21,1393409033,29977861,42640,58140,389302,1167,1753,21514.042,30.601,41.725,279.388,0.838,1.258
IND,Asia,India,2021-06-22,1393409033,30028709,50848,56514.857,390660,1358,1583.857,21550.534,36.492,40.559,280.363,0.975,1.137
IND,Asia,India,2021-06-23,1393409033,30082778,54069,54637.857,391981,1321,1439.714,21589.338,38.803,39.212,281.311,0.948,1.033
IND,Asia,India,2021-06-24,1393409033,30134445,51667,53093.143,393310,1329,1402.857,21626.417,37.08,38.103,282.265,0.954,1.007
IND,Asia,India,2021-06-25,1393409033,30183143,48698,51371,394493,1183,1336.571,21661.366,34.949,36.867,283.114,0.849,0.959
IND,Asia,India,2021-06-26,1393409033,30233183,50040,50201.571,395751,1258,1291.857,21697.278,35.912,36.028,284.016,0.903,0.927
IND,Asia,India,2021-06-27,1393409033,30279331,46148,49158.571,396730,979,1227.857,21730.397,33.119,35.279,284.719,0.703,0.881
IND,Asia,India,2021-06-28,1393409033,30316897,37566,48433.714,397637,907,1190.714,21757.356,26.96,34.759,285.37,0.651,0.855
IND,Asia,India,2021-06-29,1393409033,30362848,45951,47734.143,398454,817,1113.429,21790.334,32.977,34.257,285.956,0.586,0.799
IND,Asia,India,2021-06-30,1393409033,30411634,48786,46979.429,399459,1005,1068.286,21825.346,35.012,33.715,286.677,0.721,0.767
IND,Asia,India,2021-07-01,1393409033,30458251,46617,46258,400312,853,1000.286,21858.801,33.455,33.198,287.29,0.612,0.718
IND,Asia,India,2021-07-02,1393409033,30502362,44111,45602.714,401050,738,936.714,21890.458,31.657,32.727,287.819,0.53,0.672
IND,Asia,India,2021-07-03,1393409033,30545433,43071,44607.143,402005,955,893.429,21921.369,30.911,32.013,288.505,0.685,0.641
IND,Asia,India,2021-07-04,1393409033,30585229,39796,43699.714,402728,723,856.857,21949.929,28.56,31.362,289.024,0.519,0.615
IND,Asia,India,2021-07-05,1393409033,30619932,34703,43290.714,403281,553,806.286,21974.834,24.905,31.068,289.42,0.397,0.579
IND,Asia,India,2021-07-06,1393409033,30663665,43733,42973.857,404211,930,822.429,22006.219,31.386,30.841,290.088,0.667,0.59
IND,Asia,India,2021-07-07,1393409033,30709557,45892,42560.429,405028,817,795.571,22039.155,32.935,30.544,290.674,0.586,0.571
IND,Asia,India,2021-07-08,1393409033,30752950,43393,42099.857,405939,911,803.857,22070.296,31.142,30.214,291.328,0.654,0.577
IND,Asia,India,2021-07-09,1393409033,30795716,42766,41907.714,407145,1206,870.714,22100.988,30.692,30.076,292.193,0.866,0.625
IND,Asia,India,2021-07-10,1393409033,30837222,41506,41684.143,408040,895,862.143,22130.775,29.787,29.915,292.836,0.642,0.619
IND,Asia,India,2021-07-11,1393409033,30874376,37154,41306.714,408764,724,862.286,22157.439,26.664,29.644,293.355,0.52,0.619
IND,Asia,India,2021-07-12,1393409033,30907282,32906,41050,410784,2020,1071.857,22181.055,23.615,29.46,294.805,1.45,0.769
IND,Asia,India,2021-07-13,1393409033,30946147,38865,40354.571,411406,622,1027.857,22208.947,27.892,28.961,295.251,0.446,0.738
IND,Asia,India,2021-07-14,1393409033,30987880,41733,39760.429,411989,583,994.429,22238.897,29.95,28.535,295.67,0.418,0.714
IND,Asia,India,2021-07-15,1393409033,31026829,38949,39125.571,412531,542,941.714,22266.849,27.952,28.079,296.059,0.389,0.676
IND,Asia,India,2021-07-16,1393409033,31064908,38079,38456,413091,560,849.429,22294.177,27.328,27.599,296.461,0.402,0.61
IND,Asia,India,2021-07-17,1393409033,31106065,41157,38406.143,413609,518,795.571,22323.714,29.537,27.563,296.832,0.372,0.571
IND,Asia,India,2021-07-18,1393409033,31144229,38164,38550.429,414108,499,763.429,22351.103,27.389,27.666,297.191,0.358,0.548
IND,Asia,India,2021-07-19,1393409033,31174322,30093,38148.571,414482,374,528.286,22372.7,21.597,27.378,297.459,0.268,0.379
IND,Asia,India,2021-07-20,1393409033,31216337,42015,38598.571,418480,3998,1010.571,22402.852,30.153,27.701,300.328,2.869,0.725
IND,Asia,India,2021-07-21,1393409033,31257720,41383,38548.571,418987,507,999.714,22432.552,29.699,27.665,300.692,0.364,0.717
IND,Asia,India,2021-07-22,1393409033,31293062,35342,38033.286,419470,483,991.286,22457.915,25.364,27.295,301.039,0.347,0.711
IND,Asia,India,2021-07-23,1393409033,31293062,0,32593.429,419470,0,911.286,22457.915,0,23.391,301.039,0,0.654
IND,Asia,India,2021-07-24,1393409033,31371901,78839,37976.571,420551,1081,991.714,22514.495,56.58,27.254,301.814,0.776,0.712
IND,Asia,India,2021-07-25,1393409033,31411262,39361,38147.571,420967,416,979.857,22542.743,28.248,27.377,302.113,0.299,0.703
IND,Asia,India,2021-07-26,1393409033,31440951,29689,38089.857,421382,415,985.714,22564.05,21.307,27.336,302.411,0.298,0.707
IND,Asia,India,2021-07-27,1393409033,31484605,43654,38324,422022,640,506,22595.379,31.329,27.504,302.87,0.459,0.363
IND,Asia,India,2021-07-28,1393409033,31528114,43509,38627.714,422662,640,525,22626.604,31.225,27.722,303.329,0.459,0.377
IND,Asia,India,2021-07-29,1393409033,31572344,44230,39897.429,423217,555,535.286,22658.346,31.742,28.633,303.728,0.398,0.384
IND,Asia,India,2021-07-30,1393409033,31613993,41649,45847.286,423810,593,620,22688.236,29.89,32.903,304.153,0.426,0.445
IND,Asia,India,2021-07-31,1393409033,31655824,41831,40560.429,424351,541,542.857,22718.257,30.021,29.109,304.542,0.388,0.39
IND,Asia,India,2021-08-01,1393409033,31695958,40134,40670.857,424773,422,543.714,22747.059,28.803,29.188,304.844,0.303,0.39
IND,Asia,India,2021-08-02,1393409033,31726507,30549,40793.714,425195,422,544.714,22768.983,21.924,29.276,305.147,0.303,0.391
IND,Asia,India,2021-08-03,1393409033,31769132,42625,40646.714,425757,562,533.571,22799.574,30.59,29.171,305.551,0.403,0.383
IND,Asia,India,2021-08-04,1393409033,31812114,42982,40571.429,426290,533,518.286,22830.42,30.847,29.117,305.933,0.383,0.372
IND,Asia,India,2021-08-05,1393409033,31856757,44643,40630.429,426754,464,505.286,22862.459,32.039,29.159,306.266,0.333,0.363
IND,Asia,India,2021-08-06,1393409033,31895385,38628,40198.857,427371,617,508.714,22890.181,27.722,28.849,306.709,0.443,0.365
IND,Asia,India,2021-08-07,1393409033,31934455,39070,39804.429,427862,491,501.571,22918.22,28.039,28.566,307.061,0.352,0.36
IND,Asia,India,2021-08-08,1393409033,31969954,35499,39142.286,428309,447,505.143,22943.697,25.476,28.091,307.382,0.321,0.363
IND,Asia,India,2021-08-09,1393409033,31998158,28204,38807.286,428682,373,498.143,22963.938,20.241,27.851,307.65,0.268,0.357
IND,Asia,India,2021-08-10,1393409033,32036511,38353,38197,429179,497,488.857,22991.462,27.525,27.413,308.006,0.357,0.351
IND,Asia,India,2021-08-11,1393409033,32077706,41195,37941.714,429669,490,482.714,23021.026,29.564,27.229,308.358,0.352,0.346
IND,Asia,India,2021-08-12,1393409033,32117826,40120,37295.571,430254,585,500,23049.819,28.793,26.766,308.778,0.42,0.359
IND,Asia,India,2021-08-13,1393409033,32156493,38667,37301.143,430732,478,480.143,23077.569,27.75,26.77,309.121,0.343,0.345
IND,Asia,India,2021-08-14,1393409033,32192576,36083,36874.429,431225,493,480.429,23103.464,25.895,26.463,309.475,0.354,0.345
IND,Asia,India,2021-08-15,1393409033,32225513,32937,36508.429,431642,417,476.143,23127.102,23.638,26.201,309.774,0.299,0.342
IND,Asia,India,2021-08-16,1393409033,32250679,25166,36074.429,432079,437,485.286,23145.163,18.061,25.889,310.088,0.314,0.348
IND,Asia,India,2021-08-17,1393409033,32285857,35178,35620.857,432519,440,477.143,23170.409,25.246,25.564,310.403,0.316,0.342
IND,Asia,India,2021-08-18,1393409033,32322258,36401,34936,433049,530,482.857,23196.533,26.124,25.072,310.784,0.38,0.347
IND,Asia,India,2021-08-19,1393409033,32358829,36571,34429,433589,540,476.429,23222.778,26.246,24.708,311.171,0.388,0.342
IND,Asia,India,2021-08-20,1393409033,32393286,34457,33827.571,433964,375,461.714,23247.507,24.729,24.277,311.44,0.269,0.331
IND,Asia,India,2021-08-21,1393409033,32424234,30948,33094,434367,403,448.857,23269.717,22.21,23.75,311.73,0.289,0.322
IND,Asia,India,2021-08-22,1393409033,32449306,25072,31970.429,434756,389,444.857,23287.71,17.993,22.944,312.009,0.279,0.319
IND,Asia,India,2021-08-23,1393409033,32474773,25467,32013.429,435110,354,433,23305.987,18.277,22.975,312.263,0.254,0.311
IND,Asia,India,2021-08-24,1393409033,32512366,37593,32358.429,435758,648,462.714,23332.966,26.979,23.222,312.728,0.465,0.332
IND,Asia,India,2021-08-25,1393409033,32558530,46164,33753.143,436365,607,473.714,23366.097,33.13,24.223,313.164,0.436,0.34
IND,Asia,India,2021-08-26,1393409033,32603188,44658,34908.429,436861,496,467.429,23398.146,32.049,25.053,313.52,0.356,0.335
IND,Asia,India,2021-08-27,1393409033,32649947,46759,36665.857,437370,509,486.571,23431.703,33.557,26.314,313.885,0.365,0.349
IND,Asia,India,2021-08-28,1393409033,32695030,45083,38685.143,437830,460,494.714,23464.058,32.354,27.763,314.215,0.33,0.355
IND,Asia,India,2021-08-29,1393409033,32737939,42909,41233.286,438210,380,493.429,23494.852,30.794,29.592,314.488,0.273,0.354
IND,Asia,India,2021-08-30,1393409033,32768880,30941,42015.286,438560,350,492.857,23517.057,22.205,30.153,314.739,0.251,0.354
IND,Asia,India,2021-08-31,1393409033,32810845,41965,42639.857,439020,460,466,23547.174,30.117,30.601,315.069,0.33,0.334
IND,Asia,India,2021-09-01,1393409033,32857937,47092,42772.429,439529,509,452,23580.97,33.796,30.696,315.434,0.365,0.324
IND,Asia,India,2021-09-02,1393409033,32903289,45352,42871.571,439895,366,433.429,23613.518,32.548,30.767,315.697,0.263,0.311
IND,Asia,India,2021-09-03,1393409033,32945907,42618,42280,440225,330,407.857,23644.103,30.585,30.343,315.934,0.237,0.293
IND,Asia,India,2021-09-04,1393409033,32988673,42766,41949,440533,308,386.143,23674.795,30.692,30.105,316.155,0.221,0.277
IND,Asia,India,2021-09-05,1393409033,33027621,38948,41383.143,440752,219,363.143,23702.746,27.952,29.699,316.312,0.157,0.261
IND,Asia,India,2021-09-06,1393409033,33058843,31222,41423.286,441042,290,354.571,23725.153,22.407,29.728,316.52,0.208,0.254
IND,Asia,India,2021-09-07,1393409033,33096718,37875,40839,441411,369,341.571,23752.335,27.182,29.309,316.785,0.265,0.245
IND,Asia,India,2021-09-08,1393409033,33139981,43263,40292,441749,338,317.143,23783.383,31.048,28.916,317.028,0.243,0.228
IND,Asia,India,2021-09-09,1393409033,33174954,34973,38809.286,442009,260,302,23808.482,25.099,27.852,317.214,0.187,0.217
IND,Asia,India,2021-09-10,1393409033,33208330,33376,37489,442317,308,298.857,23832.435,23.953,26.905,317.435,0.221,0.214
IND,Asia,India,2021-09-11,1393409033,33236921,28591,35464,442655,338,303.143,23852.954,20.519,25.451,317.678,0.243,0.218
IND,Asia,India,2021-09-12,1393409033,33264175,27254,33793.429,442874,219,303.143,23872.513,19.559,24.252,317.835,0.157,0.218
IND,Asia,India,2021-09-13,1393409033,33289579,25404,32962.286,443213,339,310.143,23890.744,18.232,23.656,318.078,0.243,0.223
IND,Asia,India,2021-09-14,1393409033,33316755,27176,31433.857,443497,284,298,23910.248,19.503,22.559,318.282,0.204,0.214
IND,Asia,India,2021-09-15,1393409033,33347325,30570,29620.571,443928,431,311.286,23932.187,21.939,21.258,318.591,0.309,0.223
IND,Asia,India,2021-09-16,1393409033,33381728,34403,29539.143,444248,320,319.857,23956.876,24.69,21.199,318.821,0.23,0.23
IND,Asia,India,2021-09-17,1393409033,33417390,35662,29865.714,444529,281,316,23982.47,25.593,21.434,319.023,0.202,0.227
IND,Asia,India,2021-09-18,1393409033,33448163,30773,30177.429,444838,309,311.857,24004.554,22.085,21.657,319.244,0.222,0.224
IND,Asia,India,2021-09-19,1393409033,33478419,30256,30606.286,445133,295,322.714,24026.268,21.714,21.965,319.456,0.212,0.232
IND,Asia,India,2021-09-20,1393409033,33504534,26115,30707.857,445385,252,310.286,24045.01,18.742,22.038,319.637,0.181,0.223
IND,Asia,India,2021-09-21,1393409033,33531498,26964,30677.571,445768,383,324.429,24064.361,19.351,22.016,319.912,0.275,0.233
IND,Asia,India,2021-09-22,1393409033,33563421,31923,30870.857,446050,282,303.143,24087.271,22.91,22.155,320.114,0.202,0.218
IND,Asia,India,2021-09-23,1393409033,33594803,31382,30439.286,446368,318,302.857,24109.793,22.522,21.845,320.342,0.228,0.217
IND,Asia,India,2021-09-24,1393409033,33624419,29616,29575.571,446658,290,304.143,24131.047,21.254,21.225,320.551,0.208,0.218
IND,Asia,India,2021-09-25,1393409033,33652745,28326,29226,446918,260,297.143,24151.376,20.329,20.974,320.737,0.187,0.213
IND,Asia,India,2021-09-26,1393409033,33678786,26041,28623.857,447194,276,294.429,24170.064,18.689,20.542,320.935,0.198,0.211
IND,Asia,India,2021-09-27,1393409033,33697581,18795,27578.143,447373,179,284,24183.553,13.489,19.792,321.064,0.128,0.204
IND,Asia,India,2021-09-28,1393409033,33716451,18870,26421.857,447751,378,283.286,24197.095,13.542,18.962,321.335,0.271,0.203
IND,Asia,India,2021-09-29,1393409033,33739980,23529,25222.714,448062,311,287.429,24213.981,16.886,18.101,321.558,0.223,0.206
IND,Asia,India,2021-09-30,1393409033,33766707,26727,24557.714,448339,277,281.571,24233.162,19.181,17.624,321.757,0.199,0.202
IND,Asia,India,2021-10-01,1393409033,33791061,24354,23806,448573,234,273.571,24250.64,17.478,17.085,321.925,0.168,0.196
IND,Asia,India,2021-10-02,1393409033,33813903,22842,23022.571,448817,244,271.286,24267.033,16.393,16.522,322.1,0.175,0.195
IND,Asia,India,2021-10-03,1393409033,33834702,20799,22273.714,448997,180,257.571,24281.96,14.927,15.985,322.229,0.129,0.185
IND,Asia,India,2021-10-04,1393409033,33853048,18346,22209.571,449260,263,269.571,24295.126,13.166,15.939,322.418,0.189,0.193
IND,Asia,India,2021-10-05,1393409033,33871881,18833,22204.286,449538,278,255.286,24308.642,13.516,15.935,322.617,0.2,0.183
IND,Asia,India,2021-10-06,1393409033,33894312,22431,22047.429,449856,318,256.286,24324.74,16.098,15.823,322.846,0.228,0.184
IND,Asia,India,2021-10-07,1393409033,33915569,21257,21266,450127,271,255.429,24339.995,15.255,15.262,323.04,0.194,0.183
IND,Asia,India,2021-10-08,1393409033,33935309,19740,20606.857,450375,248,257.429,24354.162,14.167,14.789,323.218,0.178,0.185
IND,Asia,India,2021-10-09,1393409033,33953475,18166,19938.857,450589,214,253.143,24367.199,13.037,14.309,323.372,0.154,0.182
IND,Asia,India,2021-10-10,1393409033,33971607,18132,19557.857,450782,193,255,24380.212,13.013,14.036,323.51,0.139,0.183
IND,Asia,India,2021-10-11,1393409033,33985920,14313,18981.714,450963,181,243.286,24390.483,10.272,13.622,323.64,0.13,0.175
IND,Asia,India,2021-10-12,1393409033,34001743,15823,18551.714,451189,226,235.857,24401.839,11.356,13.314,323.802,0.162,0.169
IND,Asia,India,2021-10-13,1393409033,34020730,18987,18059.714,451435,246,225.571,24415.465,13.626,12.961,323.979,0.177,0.162
IND,Asia,India,2021-10-14,1393409033,34037592,16862,17431.857,451814,379,241,24427.567,12.101,12.51,324.251,0.272,0.173
IND,Asia,India,2021-10-15,1393409033,34053573,15981,16894.857,451980,166,229.286,24439.036,11.469,12.125,324.37,0.119,0.165
IND,Asia,India,2021-10-16,1393409033,34067719,14146,16320.571,452124,144,219.286,24449.188,10.152,11.713,324.473,0.103,0.157
IND,Asia,India,2021-10-17,1393409033,34081315,13596,15672.571,452290,166,215.429,24458.945,9.757,11.248,324.592,0.119,0.155
IND,Asia,India,2021-10-18,1393409033,34094373,13058,15493.286,452454,164,213,24468.316,9.371,11.119,324.71,0.118,0.153
IND,Asia,India,2021-10-19,1393409033,34108996,14623,15321.857,452651,197,208.857,24478.811,10.494,10.996,324.851,0.141,0.15
IND,Asia,India,2021-10-20,1393409033,34127450,18454,15245.714,452811,160,196.571,24492.055,13.244,10.941,324.966,0.115,0.141
IND,Asia,India,2021-10-21,1393409033,34143236,15786,15092,453042,231,175.429,24503.384,11.329,10.831,325.132,0.166,0.126
IND,Asia,India,2021-10-22,1393409033,34159562,16326,15141.286,453708,666,246.857,24515.1,11.717,10.866,325.61,0.478,0.177
IND,Asia,India,2021-10-23,1393409033,34175468,15906,15392.714,454269,561,306.429,24526.515,11.415,11.047,326.013,0.403,0.22
IND,Asia,India,2021-10-24,1393409033,34189774,14306,15494.143,454712,443,346,24536.782,10.267,11.12,326.331,0.318,0.248
IND,Asia,India,2021-10-25,1393409033,34202202,12428,15404.143,455068,356,373.429,24545.701,8.919,11.055,326.586,0.255,0.268
IND,Asia,India,2021-10-26,1393409033,34215653,13451,15236.714,455653,585,428.857,24555.355,9.653,10.935,327.006,0.42,0.308
IND,Asia,India,2021-10-27,1393409033,34231809,16156,14908.429,456386,733,510.714,24566.949,11.595,10.699,327.532,0.526,0.367
IND,Asia,India,2021-10-28,1393409033,34246157,14348,14703,457191,805,592.714,24577.246,10.297,10.552,328.11,0.578,0.425
IND,Asia,India,2021-10-29,1393409033,34260470,14313,14415.429,457740,549,576,24587.518,10.272,10.345,328.504,0.394,0.413